 <br />
<font size='1'><table class='xdebug-error xe-warning' dir='ltr' border='1' cellspacing='0' cellpadding='1'>
<tr><th align='left' bgcolor='#f57900' colspan="5"><span style='background-color: #cc0000; color: #fce94f; font-size: x-large;'>( ! )</span> Warning: Undefined array key "exportw" in C:\wamp64\www\projec\export.php on line <i>19</i></th></tr>
<tr><th align='left' bgcolor='#e9b96e' colspan='5'>Call Stack</th></tr>
<tr><th align='center' bgcolor='#eeeeec'>#</th><th align='left' bgcolor='#eeeeec'>Time</th><th align='left' bgcolor='#eeeeec'>Memory</th><th align='left' bgcolor='#eeeeec'>Function</th><th align='left' bgcolor='#eeeeec'>Location</th></tr>
<tr><td bgcolor='#eeeeec' align='center'>1</td><td bgcolor='#eeeeec' align='center'>0.0033</td><td bgcolor='#eeeeec' align='right'>365760</td><td bgcolor='#eeeeec'>{main}(  )</td><td title='C:\wamp64\www\projec\export.php' bgcolor='#eeeeec'>...\export.php<b>:</b>0</td></tr>
</table></font>
request_id,request_descrip,request_dateTime,request_status,customer_id,worker_id,occuation_id
1,"trewq
                                ","2022-06-06 12:41:09",declined,10,22
  